{
  "version": "1.1.1",
  "windows": {
    "main": {
      "main": true,
      "url": "app://editor/index.html",
      "windowType": "dockable",
      "x": 0,
      "y": 25,
      "width": 1680,
      "height": 924,
      "layout": {
        "children": [
          {
            "children": [
              {
                "active": 0,
                "children": [
                  "hierarchy"
                ],
                "height": 397,
                "type": "panel",
                "width": 270
              },
              {
                "active": 0,
                "children": [
                  "assets"
                ],
                "height": 436.984375,
                "type": "panel",
                "width": 270
              }
            ],
            "height": 836,
            "type": "dock-v",
            "width": 270
          },
          {
            "children": [
              {
                "children": [
                  {
                    "active": 0,
                    "children": [
                      "scene"
                    ],
                    "height": 567.984375,
                    "type": "panel",
                    "width": 657.984375
                  },
                  {
                    "active": 0,
                    "children": [
                      "node-library"
                    ],
                    "height": 567.984375,
                    "type": "panel",
                    "width": 346
                  }
                ],
                "height": 567.984375,
                "type": "dock-h",
                "width": 1006
              },
              {
                "active": 0,
                "children": [
                  "console",
                  "timeline",
                  "game-window"
                ],
                "height": 266,
                "type": "panel",
                "width": 1006
              }
            ],
            "height": 836,
            "type": "dock-v",
            "width": 1006
          },
          {
            "active": 0,
            "children": [
              "inspector",
              "cocos-services"
            ],
            "height": 836,
            "type": "panel",
            "width": 400
          }
        ],
        "type": "dock-h"
      },
      "panels": [
        "hierarchy",
        "assets",
        "node-library",
        "console",
        "timeline",
        "game-window",
        "inspector",
        "cocos-services",
        "scene"
      ]
    }
  },
  "panels": {
    "sprite-editor": {
      "x": 590,
      "y": 198,
      "width": 500,
      "height": 528
    },
    "project-settings": {
      "x": 560,
      "y": 198,
      "width": 584,
      "height": 554
    }
  }
}