[
  {
    "__type__": "cc.Prefab",
    "_name": "mouse",
    "_objFlags": 0,
    "_native": "",
    "data": {
      "__id__": 1
    },
    "optimizationPolicy": 0,
    "asyncLoadAssets": false,
    "readonly": false
  },
  {
    "__type__": "cc.Node",
    "_name": "mouse",
    "_objFlags": 0,
    "_parent": null,
    "_children": [],
    "_active": true,
    "_level": 1,
    "_components": [
      {
        "__id__": 2
      },
      {
        "__id__": 3
      },
      {
        "__id__": 4
      }
    ],
    "_prefab": {
      "__id__": 5
    },
    "_opacity": 255,
    "_color": {
      "__type__": "cc.Color",
      "r": 255,
      "g": 255,
      "b": 255,
      "a": 255
    },
    "_contentSize": {
      "__type__": "cc.Size",
      "width": 870,
      "height": 389
    },
    "_anchorPoint": {
      "__type__": "cc.Vec2",
      "x": 0.5,
      "y": 0.5
    },
    "_position": {
      "__type__": "cc.Vec3",
      "x": 627.682,
      "y": 341.39,
      "z": 0
    },
    "_scale": {
      "__type__": "cc.Vec3",
      "x": 0.1,
      "y": 0.1,
      "z": 1
    },
    "_eulerAngles": {
      "__type__": "cc.Vec3",
      "x": 0,
      "y": 0,
      "z": 0
    },
    "_skewX": 0,
    "_skewY": 0,
    "_is3DNode": false,
    "groupIndex": 3,
    "_id": ""
  },
  {
    "__type__": "cc.Sprite",
    "_name": "",
    "_objFlags": 0,
    "node": {
      "__id__": 1
    },
    "_enabled": true,
    "_materials": [
      {
        "__uuid__": "eca5d2f2-8ef6-41c2-bbe6-f9c79d09c432"
      }
    ],
    "_srcBlendFactor": 770,
    "_dstBlendFactor": 771,
    "_spriteFrame": {
      "__uuid__": "ea62a1bb-0cdb-4516-bb7f-9cab328461e6"
    },
    "_type": 0,
    "_sizeMode": 1,
    "_fillType": 0,
    "_fillCenter": {
      "__type__": "cc.Vec2",
      "x": 0,
      "y": 0
    },
    "_fillStart": 0,
    "_fillRange": 0,
    "_isTrimmedMode": true,
    "_atlas": null,
    "_id": ""
  },
  {
    "__type__": "cc.PolygonCollider",
    "_name": "",
    "_objFlags": 0,
    "node": {
      "__id__": 1
    },
    "_enabled": true,
    "tag": 0,
    "_offset": {
      "__type__": "cc.Vec2",
      "x": 0,
      "y": 0
    },
    "points": [
      {
        "__type__": "cc.Vec2",
        "x": -42.7,
        "y": -196.5
      },
      {
        "__type__": "cc.Vec2",
        "x": 434.7,
        "y": -203.9
      },
      {
        "__type__": "cc.Vec2",
        "x": 427.3,
        "y": 189.2
      },
      {
        "__type__": "cc.Vec2",
        "x": -57.3,
        "y": 185.6
      }
    ],
    "_id": ""
  },
  {
    "__type__": "b5d2ddJD8RCaJ4Ci9PiBgb0",
    "_name": "",
    "_objFlags": 0,
    "node": {
      "__id__": 1
    },
    "_enabled": true,
    "id": "2",
    "_id": ""
  },
  {
    "__type__": "cc.PrefabInfo",
    "root": {
      "__id__": 1
    },
    "asset": {
      "__id__": 0
    },
    "fileId": "b5T3iL4HtPa6nHPKvcsMjs",
    "sync": false
  }
]