{
  "__type__": "cc.AnimationClip",
  "_name": "snake",
  "_objFlags": 0,
  "_native": "",
  "_duration": 1.0166666666666666,
  "sample": 60,
  "speed": 2.5,
  "wrapMode": 2,
  "curveData": {
    "comps": {
      "cc.Sprite": {
        "spriteFrame": [
          {
            "frame": 0.016666666666666666,
            "value": {
              "__uuid__": "2cec8e3b-bc8d-4545-97e6-eff7f5c6ec0a"
            }
          },
          {
            "frame": 0.16666666666666666,
            "value": {
              "__uuid__": "6af2d69d-42c3-4ad4-b008-b816dc238ee0"
            }
          },
          {
            "frame": 0.3333333333333333,
            "value": {
              "__uuid__": "f3c4d9e8-8989-469f-8378-532f8120fa4c"
            }
          },
          {
            "frame": 0.5,
            "value": {
              "__uuid__": "7956605b-1ac4-464a-ae3f-acb5131cd331"
            }
          },
          {
            "frame": 0.6666666666666666,
            "value": {
              "__uuid__": "ee312fe1-7888-4d22-91d0-5a90a63dc546"
            }
          },
          {
            "frame": 0.8333333333333334,
            "value": {
              "__uuid__": "e584694a-2991-4de9-bf46-e4a3340b0a34"
            }
          },
          {
            "frame": 1,
            "value": {
              "__uuid__": "831b2492-9a66-4bcc-b715-a7bab8fb2a78"
            }
          }
        ]
      }
    },
    "props": {
      "y": []
    }
  },
  "events": [
    {
      "frame": 0,
      "func": "",
      "params": []
    },
    {
      "frame": 0.9833333333333333,
      "func": "",
      "params": []
    }
  ]
}