{
  "__type__": "cc.SpriteAtlas",
  "_name": "sprites.plist",
  "_objFlags": 0,
  "_native": "",
  "_spriteFrames": {
    "snake1": {
      "__uuid__": "2cec8e3b-bc8d-4545-97e6-eff7f5c6ec0a"
    },
    "snake2": {
      "__uuid__": "6af2d69d-42c3-4ad4-b008-b816dc238ee0"
    },
    "snake3": {
      "__uuid__": "f3c4d9e8-8989-469f-8378-532f8120fa4c"
    },
    "snake4": {
      "__uuid__": "7956605b-1ac4-464a-ae3f-acb5131cd331"
    },
    "snake5": {
      "__uuid__": "ee312fe1-7888-4d22-91d0-5a90a63dc546"
    },
    "snake6": {
      "__uuid__": "6d311ac1-605d-4faa-9977-9bd5ec374b2f"
    },
    "snake7": {
      "__uuid__": "e584694a-2991-4de9-bf46-e4a3340b0a34"
    },
    "snake8": {
      "__uuid__": "831b2492-9a66-4bcc-b715-a7bab8fb2a78"
    },
    "snake_coiled": {
      "__uuid__": "de6b1534-f349-4676-8a23-0060f2ddf541"
    },
    "snake_crawl_01": {
      "__uuid__": "d7f18cb4-b4c5-4db0-a674-fd52b26a33f3"
    }
  }
}