{
  "9836134e-b892-4283-b6b2-78b5acf3ed45": {
    "asset": 1568707779000,
    "meta": 1568707779000,
    "relativePath": "effects"
  },
  "430eccbf-bf2c-4e6e-8c0c-884bbb487f32": {
    "asset": 1568707779000,
    "meta": 1620968228402,
    "relativePath": "effects/__builtin-editor-gizmo-line.effect"
  },
  "6c5cf6e1-b044-4eac-9431-835644d57381": {
    "asset": 1568707779000,
    "meta": 1620968228430,
    "relativePath": "effects/__builtin-editor-gizmo-unlit.effect"
  },
  "115286d1-2e10-49ee-aab4-341583f607e8": {
    "asset": 1568707779000,
    "meta": 1620968228480,
    "relativePath": "effects/__builtin-editor-gizmo.effect"
  },
  "abc2cb62-7852-4525-a90d-d474487b88f2": {
    "asset": 1568707779000,
    "meta": 1620968228482,
    "relativePath": "effects/builtin-phong.effect"
  },
  "f8e6b000-5643-4b86-9080-aa680ce1f599": {
    "asset": 1568707779000,
    "meta": 1568707779000,
    "relativePath": "image"
  },
  "71561142-4c83-4933-afca-cb7a17f67053": {
    "asset": 1568707779000,
    "meta": 1620968228551,
    "relativePath": "image/default_btn_disabled.png"
  },
  "e851e89b-faa2-4484-bea6-5c01dd9f06e2": {
    "asset": 1568707779000,
    "meta": 1620968228549,
    "relativePath": "image/default_btn_normal.png"
  },
  "b43ff3c2-02bb-4874-81f7-f2dea6970f18": {
    "asset": 1568707779000,
    "meta": 1620968228562,
    "relativePath": "image/default_btn_pressed.png"
  },
  "edd215b9-2796-4a05-aaf5-81f96c9281ce": {
    "asset": 1568707779000,
    "meta": 1620968228561,
    "relativePath": "image/default_editbox_bg.png"
  },
  "99170b0b-d210-46f1-b213-7d9e3f23098a": {
    "asset": 1568707779000,
    "meta": 1620968228574,
    "relativePath": "image/default_progressbar_bg.png"
  },
  "d81ec8ad-247c-4e62-aa3c-d35c4193c7af": {
    "asset": 1568707779000,
    "meta": 1620968228572,
    "relativePath": "image/default_panel.png"
  },
  "cfef78f1-c8df-49b7-8ed0-4c953ace2621": {
    "asset": 1568707779000,
    "meta": 1620968228583,
    "relativePath": "image/default_progressbar.png"
  },
  "567dcd80-8bf4-4535-8a5a-313f1caf078a": {
    "asset": 1568707779000,
    "meta": 1620968228586,
    "relativePath": "image/default_radio_button_off.png"
  },
  "9d60001f-b5f4-4726-a629-2659e3ded0b8": {
    "asset": 1568707779000,
    "meta": 1620968228595,
    "relativePath": "image/default_radio_button_on.png"
  },
  "4bab67cb-18e6-4099-b840-355f0473f890": {
    "asset": 1568707779000,
    "meta": 1620968228597,
    "relativePath": "image/default_scrollbar_bg.png"
  },
  "617323dd-11f4-4dd3-8eec-0caf6b3b45b9": {
    "asset": 1568707779000,
    "meta": 1620968228608,
    "relativePath": "image/default_scrollbar_vertical_bg.png"
  },
  "d6d3ca85-4681-47c1-b5dd-d036a9d39ea2": {
    "asset": 1568707779000,
    "meta": 1620968228609,
    "relativePath": "image/default_scrollbar_vertical.png"
  },
  "0275e94c-56a7-410f-bd1a-fc7483f7d14a": {
    "asset": 1568707779000,
    "meta": 1620968228618,
    "relativePath": "image/default_sprite_splash.png"
  },
  "0291c134-b3da-4098-b7b5-e397edbe947f": {
    "asset": 1568707779000,
    "meta": 1620968228624,
    "relativePath": "image/default_scrollbar.png"
  },
  "73a0903d-d80e-4e3c-aa67-f999543c08f5": {
    "asset": 1568707779000,
    "meta": 1620968228640,
    "relativePath": "image/default_toggle_checkmark.png"
  },
  "6e056173-d285-473c-b206-40a7fff5386e": {
    "asset": 1568707779000,
    "meta": 1620968228638,
    "relativePath": "image/default_sprite.png"
  },
  "c25b9d50-c8fc-4d27-beeb-6e7c1f2e5c0f": {
    "asset": 1568707779000,
    "meta": 1620968228653,
    "relativePath": "image/default_toggle_disabled.png"
  },
  "d29077ba-1627-4a72-9579-7b56a235340c": {
    "asset": 1568707779000,
    "meta": 1620968228655,
    "relativePath": "image/default_toggle_normal.png"
  },
  "5c3eedba-6c41-4c0c-9ba7-d91f813cbd1c": {
    "asset": 1568707779000,
    "meta": 1568707779000,
    "relativePath": "materials"
  },
  "c4480a0a-6ac5-443f-8b40-361a14257fc8": {
    "asset": 1568707779000,
    "meta": 1620968228658,
    "relativePath": "materials/builtin-phong.mtl"
  },
  "fc09f9bd-2cce-4605-b630-8145ef809ed6": {
    "asset": 1568707779000,
    "meta": 1568707779000,
    "relativePath": "misc"
  },
  "2be36297-9abb-4fee-8049-9ed5e271da8a": {
    "asset": 1568707779000,
    "meta": 1620968228665,
    "relativePath": "misc/default_video.mp4"
  },
  "db019bf7-f71c-4111-98cf-918ea180cb48": {
    "asset": 1568707779000,
    "meta": 1568707779000,
    "relativePath": "model"
  },
  "e39e96e6-6f6e-413f-bcf1-ac7679bb648a": {
    "asset": 1568707779000,
    "meta": 1568707779000,
    "relativePath": "model/prefab"
  },
  "b181c1e4-0a72-4a91-bfb0-ae6f36ca60bd": {
    "asset": 1568707779000,
    "meta": 1620968228671,
    "relativePath": "image/default_toggle_pressed.png"
  },
  "a87cc147-01b2-43f8-8e42-a7ca90b0c757": {
    "asset": 1568707779000,
    "meta": 1620968228670,
    "relativePath": "model/prefab/box.prefab"
  },
  "fe1417b6-fe6b-46a4-ae7c-9fd331f33a2a": {
    "asset": 1568707779000,
    "meta": 1620968228674,
    "relativePath": "model/prefab/capsule.prefab"
  },
  "b5fc2cf2-7942-483d-be1f-bbeadc4714ad": {
    "asset": 1568707779000,
    "meta": 1620968228676,
    "relativePath": "model/prefab/cone.prefab"
  },
  "1c5e4038-953a-44c2-b620-0bbfc6170477": {
    "asset": 1568707779000,
    "meta": 1620968228677,
    "relativePath": "model/prefab/cylinder.prefab"
  },
  "3f376125-a699-40ca-ad05-04d662eaa1f2": {
    "asset": 1568707779000,
    "meta": 1620968228679,
    "relativePath": "model/prefab/plane.prefab"
  },
  "6c9ef10d-b479-420b-bfe6-39cdda6a8ae0": {
    "asset": 1568707779000,
    "meta": 1620968228682,
    "relativePath": "model/prefab/quad.prefab"
  },
  "2d9a4b85-b0ab-4c46-84c5-18f393ab2058": {
    "asset": 1568707779000,
    "meta": 1620968228684,
    "relativePath": "model/prefab/sphere.prefab"
  },
  "de510076-056b-484f-b94c-83bef217d0e1": {
    "asset": 1568707779000,
    "meta": 1620968228701,
    "relativePath": "model/prefab/torus.prefab"
  },
  "f6e6dd15-71d1-4ffe-ace7-24fd39942c05": {
    "asset": 1568707779000,
    "meta": 1568707779000,
    "relativePath": "obsolete"
  },
  "8a96b965-2dc0-4e03-aa90-3b79cb93b5b4": {
    "asset": 1568707779000,
    "meta": 1620968228716,
    "relativePath": "obsolete/atom.png"
  },
  "f743d2b6-b7ea-4c14-a55b-547ed4d0a045": {
    "asset": 1568707779000,
    "meta": 1568707779000,
    "relativePath": "particle"
  },
  "b8223619-7e38-47c4-841f-9160c232495a": {
    "asset": 1568707779000,
    "meta": 1620968228928,
    "relativePath": "obsolete/atom.plist"
  },
  "d0a82d39-bede-46c4-b698-c81ff0dedfff": {
    "asset": 1568707779000,
    "meta": 1620968228728,
    "relativePath": "particle/atom.png"
  },
  "ae6c6c98-11e4-452f-8758-75f5c6a56e83": {
    "asset": 1568707779000,
    "meta": 1568707779000,
    "relativePath": "prefab"
  },
  "b2687ac4-099e-403c-a192-ff477686f4f5": {
    "asset": 1568707779000,
    "meta": 1620968228929,
    "relativePath": "particle/atom.plist"
  },
  "972b9a4d-47ee-4c74-b5c3-61d8a69bc29f": {
    "asset": 1568707779000,
    "meta": 1620968228730,
    "relativePath": "prefab/button.prefab"
  },
  "897ef7a1-4860-4f64-968d-f5924b18668a": {
    "asset": 1568707779000,
    "meta": 1620968228731,
    "relativePath": "prefab/camera.prefab"
  },
  "2c937608-2562-40ea-b264-7395df6f0cea": {
    "asset": 1568707779000,
    "meta": 1620968228732,
    "relativePath": "prefab/canvas.prefab"
  },
  "61aeb05b-3b32-452b-8eed-2b76deeed554": {
    "asset": 1568707779000,
    "meta": 1620968228734,
    "relativePath": "prefab/editbox.prefab"
  },
  "27756ebb-3d33-44b0-9b96-e858fadd4dd4": {
    "asset": 1568707779000,
    "meta": 1620968228769,
    "relativePath": "prefab/label.prefab"
  },
  "785a442c-3ceb-45be-a46e-7317f625f3b9": {
    "asset": 1568707779000,
    "meta": 1620968228784,
    "relativePath": "prefab/layout.prefab"
  },
  "ddb99b39-7004-47cd-9705-751905c43c46": {
    "asset": 1568707779000,
    "meta": 1620968228786,
    "relativePath": "prefab/light.prefab"
  },
  "ca8401fe-ad6e-41a8-bd46-8e3e4e9945be": {
    "asset": 1568707779000,
    "meta": 1620968228791,
    "relativePath": "prefab/pageview.prefab"
  },
  "cd33edea-55f5-46c2-958d-357a01384a36": {
    "asset": 1568707779000,
    "meta": 1620968228794,
    "relativePath": "prefab/particlesystem.prefab"
  },
  "5965ffac-69da-4b55-bcde-9225d0613c28": {
    "asset": 1568707779000,
    "meta": 1620968228810,
    "relativePath": "prefab/progressBar.prefab"
  },
  "4a37dd57-78cd-4cec-aad4-f11a73d12b63": {
    "asset": 1568707779000,
    "meta": 1620968228816,
    "relativePath": "prefab/richtext.prefab"
  },
  "32044bd2-481f-4cf1-a656-e2b2fb1594eb": {
    "asset": 1568707779000,
    "meta": 1620968228819,
    "relativePath": "prefab/scrollview.prefab"
  },
  "0004d1cf-a0ad-47d8-ab17-34d3db9d35a3": {
    "asset": 1568707779000,
    "meta": 1620968228822,
    "relativePath": "prefab/slider.prefab"
  },
  "1f55e3be-b89b-4b79-88de-47fd31018044": {
    "asset": 1568707779000,
    "meta": 1620968228824,
    "relativePath": "prefab/sprite_splash.prefab"
  },
  "96083d03-c332-4a3f-9386-d03e2d19e8ee": {
    "asset": 1568707779000,
    "meta": 1620968228827,
    "relativePath": "prefab/sprite.prefab"
  },
  "7de03a80-4457-438d-95a7-3e7cdffd6086": {
    "asset": 1568707779000,
    "meta": 1620968228832,
    "relativePath": "prefab/tiledmap.prefab"
  },
  "0e42ba95-1fa1-46aa-b2cf-143cd1bcee2c": {
    "asset": 1568707779000,
    "meta": 1620968228833,
    "relativePath": "prefab/tiledtile.prefab"
  },
  "0d784963-d024-4ea6-a7db-03be0ad63010": {
    "asset": 1568707779000,
    "meta": 1620968228835,
    "relativePath": "prefab/toggle.prefab"
  },
  "bf0a434c-84dd-4a8e-a08a-7a36f180cc75": {
    "asset": 1568707779000,
    "meta": 1620968228836,
    "relativePath": "prefab/toggleContainer.prefab"
  },
  "d1b8be49-b0a0-435c-83b7-552bed4bbe35": {
    "asset": 1568707779000,
    "meta": 1620968228838,
    "relativePath": "prefab/toggleGroup.prefab"
  },
  "232d2782-c4bd-4bb4-9e01-909f03d6d3b9": {
    "asset": 1568707779000,
    "meta": 1620968228839,
    "relativePath": "prefab/videoplayer.prefab"
  },
  "8c5001fd-07ee-4a4b-a8a0-63e15195e94d": {
    "asset": 1568707779000,
    "meta": 1620968228851,
    "relativePath": "prefab/webview.prefab"
  },
  "d8afc78c-4eac-4a9f-83dd-67bc70344d33": {
    "asset": 1568707779000,
    "meta": 1568707779000,
    "relativePath": "resources"
  },
  "294c1663-4adf-4a1e-a795-53808011a38a": {
    "asset": 1568707779000,
    "meta": 1568707779000,
    "relativePath": "resources/effects"
  },
  "144c3297-af63-49e8-b8ef-1cfa29b3be28": {
    "asset": 1568707779000,
    "meta": 1620968228846,
    "relativePath": "resources/effects/builtin-2d-gray-sprite.effect"
  },
  "0e93aeaa-0b53-4e40-b8e0-6268b4e07bd7": {
    "asset": 1568707779000,
    "meta": 1620968228856,
    "relativePath": "resources/effects/builtin-2d-spine.effect"
  },
  "2874f8dd-416c-4440-81b7-555975426e93": {
    "asset": 1568707779000,
    "meta": 1620968228858,
    "relativePath": "resources/effects/builtin-2d-sprite.effect"
  },
  "c0040c95-c57f-49cd-9cbc-12316b73d0d4": {
    "asset": 1568707779000,
    "meta": 1620968228880,
    "relativePath": "resources/effects/builtin-clear-stencil.effect"
  },
  "79eafaef-b7ef-45d9-9c3f-591dc836fc7a": {
    "asset": 1568707779000,
    "meta": 1620968228897,
    "relativePath": "resources/effects/builtin-unlit-transparent.effect"
  },
  "6d91e591-4ce0-465c-809f-610ec95019c6": {
    "asset": 1568707779000,
    "meta": 1620968228898,
    "relativePath": "resources/effects/builtin-unlit.effect"
  },
  "bbee2217-c261-49bd-a8ce-708d6bcc3500": {
    "asset": 1568707779000,
    "meta": 1568707779000,
    "relativePath": "resources/materials"
  },
  "6f801092-0c37-4f30-89ef-c8d960825b36": {
    "asset": 1568707779000,
    "meta": 1620968228899,
    "relativePath": "resources/materials/builtin-2d-base.mtl"
  },
  "3a7bb79f-32fd-422e-ada2-96f518fed422": {
    "asset": 1568707779000,
    "meta": 1620968228900,
    "relativePath": "resources/materials/builtin-2d-gray-sprite.mtl"
  },
  "7afd064b-113f-480e-b793-8817d19f63c3": {
    "asset": 1568707779000,
    "meta": 1620968228901,
    "relativePath": "resources/materials/builtin-2d-spine.mtl"
  },
  "eca5d2f2-8ef6-41c2-bbe6-f9c79d09c432": {
    "asset": 1568707779000,
    "meta": 1620968228901,
    "relativePath": "resources/materials/builtin-2d-sprite.mtl"
  },
  "cf7e0bb8-a81c-44a9-ad79-d28d43991032": {
    "asset": 1568707779000,
    "meta": 1620968228902,
    "relativePath": "resources/materials/builtin-clear-stencil.mtl"
  },
  "2a296057-247c-4a1c-bbeb-0548b6c98650": {
    "asset": 1568707779000,
    "meta": 1620968228903,
    "relativePath": "resources/materials/builtin-unlit.mtl"
  },
  "1bca0239-96a1-40eb-a8e3-1a81a8afcd80": {
    "asset": 1620096350107,
    "meta": 1620968228911,
    "relativePath": "test2.png"
  },
  "954fec8b-cd16-4bb9-a3b7-7719660e7558": {
    "asset": 1568707779000,
    "meta": 1620968231277,
    "relativePath": "model/primitives.fbx"
  },
  "29f52784-2fca-467b-92e7-8fd9ef8c57b7": {
    "asset": 1620983666090,
    "meta": 1620287587025,
    "relativePath": "Scene"
  },
  "4734c20c-0db8-4eb2-92ea-e692f4d70934": {
    "asset": 1620989283706,
    "meta": 1620287587025,
    "relativePath": "Script"
  },
  "2d2f792f-a40c-49bb-a189-ed176a246e49": {
    "asset": 1621055227872,
    "meta": 1621055227884,
    "relativePath": "Scene/MainScene.fire"
  },
  "7b81d4e8-ec84-4716-968d-500ac1d78a54": {
    "asset": 1620978586833,
    "meta": 1620287587025,
    "relativePath": "Texture"
  },
  "a8027877-d8d6-4645-97a0-52d4a0123dba": {
    "asset": 1620287587027,
    "meta": 1620287595361,
    "relativePath": "Texture/singleColor.png"
  },
  "35396e60-01ba-42e5-9fb9-e253ca2ecdb8": {
    "asset": 1620288346320,
    "meta": 1620288457648,
    "relativePath": "Texture/bg.png"
  },
  "41ebe96d-aa3a-43a9-b798-87818db412a1": {
    "asset": 1620288461570,
    "meta": 1620288461602,
    "relativePath": "Texture/Btn.png"
  },
  "951f8339-1bb9-4c83-9e2f-f48f1bf37e08": {
    "asset": 1620288474908,
    "meta": 1620288474925,
    "relativePath": "Texture/ProgressBar.png"
  },
  "521362cf-7f8b-415c-8761-b95d42190298": {
    "asset": 1620291877588,
    "meta": 1620291877626,
    "relativePath": "Texture/sprites.plist"
  },
  "bde875c1-09a8-439e-856a-4e3f3503739d": {
    "asset": 1620291877588,
    "meta": 1620291877619,
    "relativePath": "Texture/sprites.png"
  },
  "f21ec294-5e97-4b07-bc05-54ddf017f54a": {
    "asset": 1620383898586,
    "meta": 1620383898592,
    "relativePath": "snake.anim"
  },
  "a98c0eff-aea9-45a0-949d-7904fd142e7c": {
    "asset": 1620383932211,
    "meta": 1620385005159,
    "relativePath": "Script/Move.js"
  },
  "af9247eb-50cf-415f-aae3-d967dc84f274": {
    "asset": 1620443075679,
    "meta": 1620443084488,
    "relativePath": "Texture/bg_title.png"
  },
  "60fae70b-d1f8-4611-9d62-636e86422b26": {
    "asset": 1620444109214,
    "meta": 1620444119338,
    "relativePath": "Texture/Back.png"
  },
  "f073e39b-29a4-4cb8-bc6c-ac19c08bc7d8": {
    "asset": 1620444114485,
    "meta": 1620444122594,
    "relativePath": "Texture/Next.png"
  },
  "55f6abb8-359f-4af6-aa33-90c3dcd4f5e5": {
    "asset": 1620444227128,
    "meta": 1620444233306,
    "relativePath": "Texture/Popup.png"
  },
  "a91248dd-17ab-42b2-b95b-93f2c381c52c": {
    "asset": 1620446538874,
    "meta": 1620446538884,
    "relativePath": "Texture/BelieveIt-DvLE.ttf"
  },
  "82b336c1-3676-4e1b-9ede-53a9d2aeee40": {
    "asset": 1620619713726,
    "meta": 1620619726006,
    "relativePath": "Texture/quit.png"
  },
  "a6237588-1703-44c6-a8d1-dd3ea804d2a5": {
    "asset": 1620621753705,
    "meta": 1620621753739,
    "relativePath": "Texture/snake_crawl_02.png"
  },
  "d159fa27-dce4-4947-bcbf-f3ea04285317": {
    "asset": 1620622319715,
    "meta": 1620622319733,
    "relativePath": "Texture/snake_coiled.png"
  },
  "63263099-2bdb-4cb4-bce6-b71927d0c052": {
    "asset": 1620719025389,
    "meta": 1620719025476,
    "relativePath": "Script/EmitterClass.js"
  },
  "f4760d30-3df7-4b38-884a-bde5f6b380af": {
    "asset": 1620722038791,
    "meta": 1620722046317,
    "relativePath": "Texture/Checkmark.png"
  },
  "e19b69a4-360b-4add-8d8b-6f4e2133151a": {
    "asset": 1620724791847,
    "meta": 1620724809466,
    "relativePath": "Texture/greenbg.png"
  },
  "5d3ed85b-94be-47d6-bfc5-837e263c86cb": {
    "asset": 1620730643539,
    "meta": 1620730646737,
    "relativePath": "Script/Click.js"
  },
  "66d9b2cb-dea5-47e3-8a45-0511a62ada55": {
    "asset": 1620794854213,
    "meta": 1620794855364,
    "relativePath": "Script/btnNextBack.js"
  },
  "27ec5676-1110-42b5-b1d8-2cb7e91c22dc": {
    "asset": 1620802733427,
    "meta": 1620802734013,
    "relativePath": "Script/ButtonController.js"
  },
  "5f5db0ab-2ea9-4f6e-8f4f-c7f2b074674e": {
    "asset": 1620974982292,
    "meta": 1620974982373,
    "relativePath": "Texture/tree.png"
  },
  "355cfb8d-e786-456b-9ee0-f75bf901ef89": {
    "asset": 1620975158737,
    "meta": 1620975158797,
    "relativePath": "Texture/tree2.png"
  },
  "6cb1d77a-5133-4612-a886-1bef2e2f25b9": {
    "asset": 1620975396311,
    "meta": 1620975396373,
    "relativePath": "Texture/tree3.png"
  },
  "247bef35-50a9-4c6c-9638-8c1edde0d657": {
    "asset": 1620975496140,
    "meta": 1620975496201,
    "relativePath": "Texture/stone.png"
  },
  "8a5e02e5-0536-4e41-b647-fd6583e28ced": {
    "asset": 1620975931256,
    "meta": 1620975931293,
    "relativePath": "Texture/rock.png"
  },
  "769a04d5-232d-425b-9864-5fc50449c0f4": {
    "asset": 1620978586820,
    "meta": 1620978586880,
    "relativePath": "Texture/mouse.png"
  },
  "bb11d6d0-5bca-47c8-8728-cc2a0c1970d9": {
    "asset": 1620978586822,
    "meta": 1620978586912,
    "relativePath": "Texture/egg.png"
  },
  "259cbfda-b684-4eef-96e0-c496a99882cc": {
    "asset": 1620978586825,
    "meta": 1620978586971,
    "relativePath": "Texture/bird.png"
  },
  "3187cfa8-ac98-42fa-a644-af353ecdaf4d": {
    "asset": 1620978586827,
    "meta": 1620978587399,
    "relativePath": "Texture/rabbit.png"
  },
  "39a9a23b-1059-470c-a24b-dd5bc8466749": {
    "asset": 1621046732199,
    "meta": 1621046879401,
    "relativePath": "Script/MainNode_Controller.js"
  },
  "1f285ab7-903f-49d4-8f53-307936c69145": {
    "asset": 1621046770499,
    "meta": 1621046879455,
    "relativePath": "Script/Popup.js"
  },
  "062da5cd-ffc5-4c32-9845-71d8db4e8020": {
    "asset": 1621046787072,
    "meta": 1621046879514,
    "relativePath": "Script/scrollPage.js"
  },
  "e10bfa88-0240-40ca-8ed5-712bff95581b": {
    "asset": 1621047420668,
    "meta": 1621047420671,
    "relativePath": "egg.prefab"
  },
  "a3d5741d-333b-4d82-9151-280a8dfc0934": {
    "asset": 1621047442830,
    "meta": 1621047442832,
    "relativePath": "mouse.prefab"
  },
  "11e4ba79-be89-44f1-ad21-36af0018aaed": {
    "asset": 1621047454941,
    "meta": 1621047454943,
    "relativePath": "bird.prefab"
  },
  "139d0480-d545-4d1b-ac37-c495a36d92aa": {
    "asset": 1621047462189,
    "meta": 1621047462190,
    "relativePath": "rabbit.prefab"
  },
  "b5d2d749-0fc4-4268-9e02-8bd3e20606f4": {
    "asset": 1621047490484,
    "meta": 1621047961474,
    "relativePath": "Script/PrefabController.js"
  },
  "a448f868-75ef-427e-a1cd-b06ebf6e405d": {
    "asset": 1621048131975,
    "meta": 1621048133907,
    "relativePath": "Script/FoodNodeController.js"
  },
  "5caf23c4-45a6-4688-836c-7cfa7a70d46d": {
    "asset": 1621050125625,
    "meta": 1621050478448,
    "relativePath": "Script/ObstacleNodeController.js"
  },
  "203661c3-c5ae-4c4d-b672-44ba4bd7e8e7": {
    "asset": 1621054208939,
    "meta": 1621054276505,
    "relativePath": "Script/PlayScreenController.js"
  },
  "f88e6dfe-fb4d-4439-aac1-dec70c3ed9bd": {
    "asset": 1621054190100,
    "meta": 1621054276543,
    "relativePath": "Script/ScoringNodeController.js"
  },
  "0716f6b7-69b6-47e9-9164-06db06444d83": {
    "asset": 1621054032199,
    "meta": 1621054276543,
    "relativePath": "Script/Snake.js"
  },
  "7e01bddb-b094-40ee-8ad9-8fb9e71da1f0": {
    "asset": 1621055222577,
    "meta": 1621055224013,
    "relativePath": "Script/GameOverController.js"
  }
}